user_screen_name,user_id_str
SkullyRox,20391647
sky_regenrated,483059773
Gentlemen_Sam,441572163
remakoul,814372928695521280
MtnrMS,3309102108
whisperandmoan,113516042
roxyunderwood93,295334669
TCMuffin,35591749
ChaurasiaRohin,706032993794527232
trallyus,11702402
ssagardutta,2991490598
basusagar,42205044
Savvyy_Investor,758744557315993600
tarunwadhwa198,130872938
Whitjoseph,148495262
Shadowslightz,1282432266
LadySlaughter,15195593
i_opner,4189195819
ontherocks66,83187396
fadari,25689668
DscoJesus,862074670174138368
KVas92103,2227128248
uncensoredpen,1959501074
urvashi_mitra,527489415
Dharmendrakasa,3711696145
hartsway,2811807426
ReclusiveCoder,144280479
r_narayan11,791166101006585857
kmayyank,388738029
shivanient1998,1608365852
juancvasdisenho,144723151
lahsivarhor,86762070
ravinderkum1191,65833857
orion_613,789691149459914752
ranabiswanath12,543571642
RealMikeStack,1529167434
coolfrog1988,35214799
vikijain87,141962835
Asqwolf,62498968
JennyCavanaugh,812028824
navdeepsoni,8017352
brajeshjee,319521142
roadshowrigolet,630450707
iGoneViral,4889990293
Soko_nafuu,740456791176253441
ElliottBros1,2317805748
chakam_uday,786518369155506176
project_gonzo,134300648
iAshishPrasad,2380038870
2,False
Tushar_Kapila,17463956
bigcomedown,100339412
ssbib85,3025478429
Tushi_Joy,88709529
pxlshftr,112759451
posterest,1066180207
deecaltee,714942588
JerseyStupka,66870413
ke4ole1,213060183
SparklyPen,267381861
Subharanjan_,128634987
velsingakutty,246635943
thicker,15920461
peerlesspig,44823152
DementedWolfLuv,146260629
dkutka25,101568093
runsammrun,1164260107
CobaltHailstorm,209702451
SAHAY7,78244428
azkite,396890520
AjeetKarn,278977971
mybharatraj,902137872
Gutta_DaDon,401286522
cherehall,236470176
Hpykumar,776791812123930625
richardin1956,622890534
Romilvora111199,3032469392
TheMimiZee,1387267123
KumarPraval,2479531801
5thLineTalent,24237942
JohnBloorDesign,20082414
PattyPeppermynt,3403856709
Gemx86x,122783695
VofEscaflowne,41480905
JanHCAFC,966683100
chetansmith11,2259952085
PhilippaJG,110745877
varun_ar,355088719
meganbongo,1075158410
jeujeubeee,2214869341
GG_s0nic,267676234
gokulkrishnen,969815922
0,False
saj44a,720329744726687744
crazybadkid,59146973
bijender393,903272676
andzayn,444365106
iAmSmi__,595548720
jeetendra25,57953914
mcurie,14472490
Alokzgh,733116597825495040
mayankvj2406,876124662
Floydilicious,211798382
NathDeb2011,3003188510
SCTrojanSK,156359057
,False
AmazonHelp,85741735
MrArchitecht,769486341851615232
amit1407,48402117
PrashantBiyani,129854185
GinBhandal,174820930
GirlGamer7,1426285704
gramopadhye1971,4853775889
Lunaborne,953947501
fightwonegames,837835207
SarthakMaiti,2698629504
Come_soondad,813383712775684097
nrosier,14293184
i3isystem,3171120559
aisforarlynne,27842803
Fz_Knuckle99,2934257079
,
hardeep1singh,14654682
degr4ssi,34984337
apurba_s,934064701
aniawit,16939507
DieselDragonIFD,829394625236443136
revanusha,456358376
AmyUnitedStates,2953709027
ewanandfriends,46228767
AryanIndians,23558756
sudnigga,28928956
ooSteph,14415645
mgpjz,4925825782
BrightBetty,43970870
Alfonsiawarrior,2333955555
NJShadow,10813822
Lyanna_T,321826849
SunnyKinger,49263856
amarlungare,50616028
leighfuge,228821192
DadaSiddharth,359869433
TyphHunter,2305584128
ghostbuster9999,2153604350
callsignemily,249787502
gmosesl,23352195
shubhranshuu,22346149
IvanHotrod,856953860
sanjanind,66622722
IndusOrganics,31232521
Aosc2,1543185697
Manjunath_Bhat_,325670927
rishabgundecha,1227418134
CervantesAndres,144921369
UDTMac,323019713
torreddaytona,18234839
iBasu07,1438180344
PrateekP789,553607147
Trainer_CRM,163877633
CoCoButterExp,47828355
yadavsaid,44329735
Sparrargh,58237941
AziizaT,137106484
ckhayek,15007269
1,False
sidartsidart,1893356316
RCausey,37534186
0xJAKE,4146949275
dhakaneram,130810999
medtek,18435372
havanaclub_soda,20546310
kamleshrao,16851793
shahidiqbal0007,4908895821
ellenseabell,38289347
Avisingh18,103913560
YiannisNennes,36412139
Sportsionista,555028043
rohitvatwani,95693303
jdg2310,86746815
Spartan_029,43557159
Pixie_Jaime,89440799
gwaland,12990382
Robgoblin,19336157
basmybasher,1607069072
manchicken,16543736
Stjanm,357062019
vivivivi1307,4537041014
tulsyan_mayank,878312518103384065
nidhimaheshwari,48357214
praveenhak,159797979
donna3939,46929510
LaborneRacing,148468753
WanderThatMews,2237735712
cherrydoll1,21336479
C6RDE,45820389
praveen_pandey_,110354554
Tower_Tramp,2467103148
dilbil143,1272524941
troykelly,14439544
MacqueenNathan,1138113037
boredgirl260,5723252
newproblem,57927491
SLAP_News,18863148
nickmorrott,283892690
RichPierce0079,133804026
RedSixx,69475762
MrsPTeach,383170468
BananeJen,26564556
anaggh,17701394
Ziggziee,2414585990
sourabhnandwana,100214244
SameeraShairali,2530034064
TheZamindar,66302156
playmaker09,20422796
craigr98_2016,4892425227
imsvsims,5979042
Rohanhasastory,111182345
abhishekr2323,2953652983
SmileyTutorials,913138646
DragonMcElroy,2189027816
PRATHEESH_PPN,241391028
pagetbrewster,827375319208300544
iamcorrupt,45457886
johnomalley,12275422
bkel,21901245
Torresxs,16276284
ConorMX,511351188
FootBaller121,3233722514
Taterpugz,385528206
MyApocalypse_,104268993
princessgleek,22982668
RapidBI,17535421
EsmeraldaMollin,733028394
Suruchi0603,1542918302
India,False
martinbrossman,14119630
jaidevd,205727959
yktalks,68398349
i_fernando,29962012
ncazals,79844395
pratitimajumdar,205931698
rusnewton98,2855041037
Mathew30,30992650
Brideofrocknrol,23808818
CactoKaur,14205478
Trafficspinners,45323163
vaibhav926,74468092
anishsangamam,140738682
LalwaniNiraj,1666520694
txomon,125675649
antidumb,25275742
sumantvasan,2643486098
IMRANKHANMOGUL,151039885
ShakataGaNai,14565884
DanTup,61238575
DanielToner,117622520
sidd15121987,136182379
rucchir,74934167
Tdam3Trey,598538099
QuentinPotter3,793273269222797312
tuteja_shruti,836849147244339200
bridyid5,2487134674
Nasruhllah07,774275636101873668
MrsSardines,1399965709
siddiq10931093,86029062
theonetruebix,15413409
MominSaifoddin,705018428483112960
TaiKamiya101,538549155
Music_lupe,277305534
sixfishesphilly,19649319
tanujrawat1,505481011
Green_JamesBee,466384851
2SixTwo,3789082213
forthereading,1191703062
nelle_belle91,139301405
mad_ashish,44812007
rooniitdeb,149477154
bigbamee,185219338
ltweetl,223961574
likhilpunjabi,314445868
jademc120,305857840
Arthi305,737607555858325504
RobynCobbold,21041619
SausageofPower,26619513
xtye_,173377262
windroidica,2308798004
nadu_bda,2219985456
khalidraza9,101964473
brian_riback,424400406
cpriyanko,112763444
JustCIDER,223342603
iamandeepdua,69216275
avocado__toast,48618530
JohnDso64841345,4113185435
Zaedlo,59203639
RachelWhisker87,355860475
rashmirawat2912,3939183493
Krriztin,28090061
bhandary_chirag,2154418802
kaimal_hari,166893639
Abhinav1bansal,3315608602
librarykat,16678550
magicalwife,2427928976
vickram_chandak,593127032
Steph_CO7272,1008060450
chaudhary93,133653438
BHAVITA8,1904765227
realvishalraj,3165014492
JanArrah,49576954
kgaurav00,3322188248
JoeSiegler,28020360
PaulEPetty,131310401
iamtrideep,493941380
Mike_Soldner,832057176
vaishalimitra,149912101
arifkhan7,71302070
FatimaSiraja,562366927
msmitka,14486807
sureshmuthrotil,14474054
Cena_316_AA,38064765
TheTreavor,22171741
tvjames,822177
Kevin_Ellen_,329318603
lupitasahu,225878277
michelledefeo,364922032
music_theism,744395344016879620
caffdtravels,2341184034
thekoreankappa,833534991493636096
Rajeshk76856612,866684497546231808
EDGAurora,1967676368
BuzzMcClain,808456433872306177
VlSlT,3068784488
Kar4change,816037443468197892
gautammahajan11,764352385
AW0079,21064452
AmpersUK,214049826
CourierZero,1217161502
chelseaepenney,455398854
Localboy_Ash,587376186
ikumarvinod,235559055
AkiraSakura2,1064415878
gauthamrandom,334489387
ItsJustMe_Rae,3009368979
CregorNews,434138083
jjackson235,145153049
chickenb00,16193077
Bescent28,704181213334937601
MrDeckotron,339848271
FinalGamerJames,126438609
NakulKaushik88,3243729912
NOtoGMOs,49989431
linpswa,54528620
J_cooper1990,885336408
amruthhr,64041474
AshBurnOvrdrive,488540026
mehulsthakker,187257670
AndyMRoberts,301381979
Ahmed_Awad1212,62705229
Awesomichael23,2922164726
maxpowley,11920632
swapnil_rk,125365751
SBillingtonfan,2712332275
spradhan1210,2892047065
kjhabak,559425755
krishi_89,3462186912
happysach,710681467651624960
pankajpeshavari,865938712005365760
GothboyUK,250214902
djiquad,4707813086
topgun1700,18546339
neonladder,21651074
jcline35,51120513
McQuaidKP,40869710
knepp_lindsey,817699501293129728
KirrrrstyLight,2835021711
ritarodwell,45876955
zegolf,14932406
SanghviHarshraj,826080295711625217
BhavinTolia,36101298
neerajt1971,727477608011571200
BionicBombshell,127111907
TechyFarooqui,3006076339
mee_ind,57275846
shoe3r,201886488
sravan1802,88726244
beautlittlefool,2243736468
MyOregonLife,2284005775
theghostofkip,26787826
PumpkinPieYum,809748623512596480
priskypaws,26072340
nellemel,108798356
_KylaMarie_,73544761
Uttam20Uttam,3979623264
wdowell,6575472
Er_Snk,52804269
SardarGurvinde2,4676764704
ateeqtak,169857536
atreyee21,125549164
That_Musician,526010652
krissna_krissna,453958386
mcp111,15178679
kamala_chan,116341095
See_i_can_fly,73937769
jordanwaring87,47584774
caprasul,3219027614
Bunny_spy,95690710
PrateekMarlecha,2268638768
B_Lachani,1027098103
Kam_54321,3081841793
vickyappy30,2233372459
sonicman4321,2439352879
CarlosG67,29548628
shipra_im,912722124
RyanWSinclair,170667264
adit_morzaria,586301042
RISSHHII,99273069
Horrorfan419,293677963
hfactor,17731339
omshivaprakash,16101134
RuddyglowPark,149236006
Vaderundead,4805069673
Karthikeyapisup,4452075193
vision_ogl,727534589468532736
NATFXDA,270375787
THEPIMPHACKER,271101710
OfficialPiyush,619427787
matthewD2013,1300002864
destiny4ever2u,76584269
Rookii24,39935272
HKhatale,827805937771503616
Eva250178,293447041
ColdXzero,2932058297
Bunnyaimee,23019151
ankitpalsri,279387044
lalitsurana,97826794
VinayK1991,61606664
hg6,13765572
Urban_struggle,2302732471
simonbangs,43617802
JelloBelle,69474850
JimPierobon,54251727
tarunpunwani,14907839
nomnom_mania,1036308488
JoeMedal,19191538
BillyTheBigBone,362763757
elab49,629354934
SmitSuv,2397772844
Careermappersd,1608794084
Tilbo_Tweets,133460244
davyiphone,1195658958
topsurveys,286242688
Sulalee1,200206858
OctavioDelano,2347968828
SthrnDixieCwgrl,54704557
Shakirfahim1,878192295987867648
BenMyatt74,19919515
heetshah97,3143395706
Kalekemo,34803492
ash_mcloone,23068174
balagopalks,43828556
Mohitve75936435,4893071304
PrasaadJoshi,845145444
VK_231,180361172
AgentDie,2200871844
SubratShasank,4719402324
consultantweet,1639136594
RaghavKhunger,30256180
Hope4evamore,718856897730854912
Musashi1596,61149346
manojk2209,1559903875
meljridge,250321402
skmahtab,33560945
KnittedLamb,40552570
paulstevenlewis,20790669
PritiYa80985097,719544958877696001
dahnamchandler,15805170
firstbascia,32137033
theachopsbooks,799358397367877632
musicxtu92,466818620
Speechlesstx,95945333
cocobobi,300813035
KSean02,3252507746
sundevesh,204431120
neerajap3,160073361
microrao,76061012
sng628,100613504
vishal2323,96312930
briancyork,1589344782
RITESHKHABIYA,450676096
flowmastr1x,39395899
353839052d72499,3025211876
netajee,137944902
nsvaluto74,762435621633744896
SpeakUp_IN,803555957733109760
HarrietPH,1149358428
BlackBerry_Mama,170130930
Paulbissac1,833230601779949568
ebuie,13232092
bawbag,15454963
JiteshChhabria,434800262
deepak12may85,4673571020
dabassman,14751142
hd_nemesis,73097498
opjha,100468594
IamMelly03,1672102627
zyusoken,2868342566
notarelys,449211149
ajaygupta1974,26064052
x_Th3_Truth_x,126275079
lewyitfc,351806152
robinminkpiss,19619272
IpsitaRichi,923435816
divakardas22,378520650
birdskylife,746249790569254912
JohnMFurlong,2983836055
JonBenditz,773346
hamzaazam92,130613237
pranabdavinci,2366888623
maximum_z,129266889
RGengage,120410501
Twitte2Ranga,3021485983
alluneediz1mik3,35051582
bala43212,38803772
jenniespary,2800223095
Mindful2move,276563438
neelanjanbarman,285222173
Hungrypunjabi,148808815
DavidELever,18638692
Just_Me_Lauren,706951793016590336
manicminaj,3055235056
sakethabhi,225815970
jaxiwest,121318872
TheMasterBaiter,16275465
ON8CB,1079912580
waldvogelk,19168933
ItsTxcker,780511623425458176
GTIMKVII,2322387605
cjmitra,200108931
divyesh_tamboli,144122115
dealsandloots,787117533719560192
kagarg90,2210976025
Cypnos,2739775987
BeyondGrave,17527115
DigitlScientist,3372380115
DevjotN,845604400999661568
Heart1QueenBee,307075287
Akshay_goplani,2889927415
ThatBallerKru,2993286430
Jcamps30,165301682
Harry_k3721,3411563867
Mahimd7,280859344
Nihit_maverick,4384021696
avinevergiveup,754534205502136324
Onestudpuppy,255806428
chetan_cbe,3793634414
drmjp93,284157036
Kristen_Howe,39124778
Mohan_Rngnathan,272456715
alyciadebdamnn,705971208
NuroDev,2223516397
kimmisearle,2842757176
sagar3225,161778392
davecraige,17786914
voxya_,801462165345550337
Ronakjobanputr1,1118337270
MissSmallVoice,259779047
anthjamre,128657766
Rakesh2132017,844239138769551361
jitenderboss202,865160440250105857
inderpreet_83,744511861
VEMVintage,922302955
mileyfan2017,1852139480
Lozza2285,4860411251
santaarnold,52795609
AshishK90634189,838703000516497408
The89thGuardian,30924249
patriciaeff,17194863
rheird,19192576
singhkislaya91,413848234
pinkigupta89,787171274200088576
YoungPadawanPR,749383153937244164
_danielchris,136895681
KaranJaswani1,310987276
iwritegarima,3285473358
UnsolicitedPM,3196478898
pallabrout,1157191909
Roopa_Awesome,781106864939347968
Ronnie_hul,117630515
DeirdreWriter,130535139
SouthernScenic,23456146
markkorput,15351491
itzmepravesh,162316823
vikramwkarve,2304720642
Tillums,206642342
Amez_W,1341265634
ramscrism,81629063
AshitMr,1426939406
catloverplayer,40248562
only4ojha,53624188
