user_id_experi,whether_active
143515471,No
85741735,Yes
71457972,No
2908108256,No
106799492,No
59156981,No
902137872,Yes
110354554,Yes
97424433,No
62364020,No
2706101936,No
5654472,No
145579921,No
2502172122,No
243716471,No
2610379644,No
123138418,No
257376764,No
269145593,No
370711133,No
1510968974,No
3526380922,No
163413904,No
16980347,No
1209614366,No
447433286,No
1970607968,No
3285473358,Yes
1112166661,No
422175328,No
60004557,No
2789430008,No
253242925,No
141214344,No
24787056,No
22830586,No
138605435,No
2199664468,No
71098947,No
174156582,No
315105182,No
356667027,No
152122529,No
300526090,No
281666367,No
314200747,No
284371894,No
193060294,No
3098204839,No
89107116,No
20815886,No
3157739056,No
768680968114667520,No
460620990,No
1379501556,No
2725725450,No
55165270,No
252708604,No
94245683,No
33686448,No
238576433,No
518389533,No
21217122,No
791732926387884032,No
132216274,No
175322072,No
29949567,No
17130680,No
1194213805,No
356677104,No
173697045,No
13785352,No
1034809063,No
182037498,No
2326748376,No
2351435020,No
4111464136,No
2229240523,No
2402058558,No
77321410,No
3375721527,No
860495726,No
3923649083,No
31467003,No
4146493673,No
43189449,No
14348618,No
191873398,No
14169855,No
103596643,No
87690895,No
382901851,No
506067767,No
323149948,No
2348808775,No
32071786,No
89633357,No
375712053,No
2816704757,No
720331094,No
349381846,No
418871874,No
16657113,No
102688383,No
772544294137630720,No
1399965709,Yes
826284212,No
3196213653,No
4442301695,No
1485862291,No
294719044,No
468731640,No
8408412,No
786212672194813953,No
81000458,No
578426523,No
2847886928,No
258080946,No
2293516421,No
3073354949,No
2244751172,No
1648631244,No
207114132,No
155809091,No
48395069,No
41337472,No
50902973,No
588605404,No
591804599,No
1806671,No
2551073557,No
2663928969,No
19315352,No
585782554,No
63707171,No
1655530248,No
277408746,No
1283793956,No
437669623,No
205418510,No
270940424,No
700332933119414272,No
2025531,No
44678898,No
203597952,No
1957347541,No
599445692,No
3398096555,No
323274346,No
248931197,No
21267682,No
197598528,No
1689125262,No
17824489,No
118378294,No
282269833,No
134152350,No
3234664235,No
36679173,No
4755678875,No
2322987994,No
190543244,No
15519893,No
543872908,No
14454583,No
1040604872,No
625542640,No
1170556975,No
3342756442,No
17665654,No
6295782,No
380538425,No
236301546,No
19775711,No
623948688,No
156131053,No
878083386,No
1264262994,No
20075370,No
64556019,No
162682950,No
472271131,No
491426468,No
302051431,No
76047938,No
23019151,Yes
214587100,No
735237505,No
19563380,No
15075643,No
2820871918,No
319029300,No
2911144645,No
167129822,No
2178554890,No
28931985,No
377527019,No
14735760,No
89900424,No
219930660,No
446742802,No
39078109,No
125855207,No
70389188,No
22915745,No
1196145949,No
168418392,No
2698629504,Yes
718033847930097664,No
3023752657,No
82018203,No
716687022719676416,No
65332022,No
141121479,No
38640756,No
3877071439,No
48626994,No
133856231,No
102119049,No
4380411,No
4417845858,No
2322723822,No
145940316,No
787616782148366336,No
2347212330,No
74678948,No
478954545,No
305560776,No
2193433592,No
1240846296,No
3304100556,No
715810118,No
4593154519,No
102578904,No
755649698921345024,No
791304923841388544,No
317698183,No
768738865,No
793458123344261120,No
40692308,No
14430913,No
3250864230,No
374735949,No
156302205,No
14961827,No
89237396,No
741872860407431168,No
72877928,No
1908777942,No
56210818,No
20973783,No
2228056004,No
1210875679,No
450442747,No
2316449398,No
54311555,No
14993218,No
57322834,No
158632671,No
705020775166685184,No
83078534,No
221125308,No
1914640352,No
255935729,No
147258286,No
21338481,No
156365299,No
122672833,No
127216617,No
29684260,No
61218672,No
25151772,No
2171855560,No
284075387,No
1110962058,No
396796435,No
62872680,No
71302070,Yes
1231247078,No
365367615,No
127186083,No
81329096,No
278516937,No
40713544,No
158471550,No
620214487,No
2981676459,No
769833799098241024,No
296995839,No
255946292,No
175756541,No
373275893,No
249190612,No
163148814,No
180361172,Yes
24655213,No
17424831,No
1603957266,No
51013278,No
20343872,No
488190692,No
3064134913,No
792489392455708672,No
136371386,No
485556712,No
2471882927,No
291033211,No
1432265624,No
206062743,No
255430770,No
493941380,Yes
1347081,No
3811502293,No
2688190572,No
15488009,No
58875334,No
75980633,No
720811218508849152,No
4366491613,No
257320677,No
228025464,No
613496890,No
53454531,No
156664343,No
789256404,No
107008766,No
453590509,No
317774985,No
280370764,No
1148946805,No
106843636,No
780110020461596672,No
180854053,No
54751476,No
25976103,No
2685131954,No
554493417,No
16031661,No
540223123,No
79266671,No
786911784045256704,No
265069320,No
227558783,No
425825960,No
3459096634,No
98434540,No
540744250,No
91804415,No
21998279,No
19280072,No
15604020,No
96721010,No
11892672,No
142243378,No
42747982,No
20039132,No
446149900,No
137685030,No
793273269222797312,Yes
84306077,No
129433156,No
453209717,No
50972311,No
929624545,No
14244836,No
376854086,No
84115838,No
234641258,No
2463479774,No
401160259,No
383083991,No
160500308,No
156226234,No
1443351012,No
1705468489,No
763375765253652480,No
319457278,No
68657683,No
793640186504581120,No
106795900,No
4548191940,No
2174216995,No
2219985456,Yes
4176798072,No
180331674,No
92895763,No
2193608857,No
39454604,No
1255519657,No
1655129347,No
1675908295,No
46408133,No
170651537,No
14725241,No
37907842,No
43406190,No
259875880,No
2865599865,No
2395197084,No
26475128,No
298791247,No
34930255,No
1188929052,No
2210273923,No
1245377257,No
2497727850,No
2242214617,No
34282723,No
2274181766,No
2987648555,No
35541189,No
3295303734,No
524732951,No
79436911,No
246987245,No
757034374902743040,No
2354303918,No
22477252,No
33829621,No
481573383,No
21850842,No
785917438189670400,No
101782427,No
1437440348,No
706169419718733824,No
6177832,No
120068456,No
429016990,No
20070088,No
737213190681989121,No
79260733,No
18821935,No
14934017,No
1658664860,No
704345455342313472,No
499464698,No
66370007,No
83318092,No
2755420775,No
147572461,No
19412382,No
749383153937244164,Yes
2259222409,No
41701156,No
3447333252,No
724529047254917120,No
1640461520,No
154600632,No
89850915,No
64897527,No
2669215596,No
30260663,No
522477612,No
2865211326,No
320756388,No
396549156,No
19236015,No
76912915,No
203874607,No
2900142090,No
19857548,No
733398318353514496,No
54941507,No
194944968,No
15605226,No
140830709,No
1552913352,No
289396177,No
21689397,No
2984476775,No
793853432138432512,No
297504225,No
485223335,No
458070658,No
4351459753,No
50622864,No
374212382,No
48198318,No
155180349,No
261894160,No
40847171,No
885649502,No
20620547,No
2824549028,No
459694718,No
2414858826,No
48569961,No
36714114,No
2960180055,No
14156531,No
153994363,No
2995578334,No
16630250,No
409166295,No
60760606,No
1561239990,No
227640177,No
744083353431908352,No
13220972,No
1017546403,No
1056873374,No
1532349217,No
2460952989,No
3329627669,No
3258741314,No
1708132520,No
145552068,No
1694032592,No
126296982,No
752434454,No
97015006,No
493514962,No
3188314726,No
16999368,No
80354812,No
22195874,No
463819805,No
182114612,No
45750321,No
793877800289574912,No
239057382,No
281620069,No
41451604,No
21112079,No
234004339,No
3234250197,No
156171571,No
440069397,No
134019610,No
3195003018,No
768214341246078976,No
1307262936,No
1860643051,No
1955591882,No
724573190,No
130496112,No
2980928403,No
48097506,No
762683882940534784,No
231052516,No
101599701,No
112354863,No
2467103148,Yes
73984919,No
3378924153,No
186287415,No
230626212,No
30981617,No
2450096531,No
96982320,No
36136637,No
2980059869,No
489094745,No
2404991192,No
16223638,No
16388482,No
4387461,No
48938077,No
723243194,No
161449578,No
143616096,No
860548147,No
44578594,No
2790889266,No
18596959,No
2151837433,No
43205023,No
223570235,No
524390443,No
79725820,No
33490437,No
16049859,No
479445356,No
32131007,No
3091359827,No
225372484,No
23695124,No
30112164,No
283512386,No
40078503,No
80040576,No
196651500,No
20158291,No
2213419554,No
127919462,No
334116390,No
729424684631130112,No
166720784,No
770726787466878976,No
36278363,No
2395255403,No
331481523,No
541238494,No
1180539758,No
287128801,No
619427787,Yes
761671164,No
44645600,No
994686457,No
2353242859,No
42853357,No
149431832,No
20045431,No
78126698,No
3082851141,No
41917868,No
374438999,No
86668987,No
329304994,No
14511067,No
4028697493,No
885336408,Yes
789767226249412608,No
3346971111,No
953901134,No
1923986118,No
248361725,No
31343671,No
16669765,No
4494066677,No
467046076,No
4827082615,No
219151894,No
19815917,No
19860569,No
3973937112,No
96779709,No
470412760,No
413233775,No
164623724,No
77827976,No
70391352,No
35323518,No
245323551,No
1146559795,No
103140221,No
4245183196,No
3127117599,No
2825383630,No
1876523509,No
39936715,No
756663585707667457,No
121513127,No
778378277740122112,No
18240730,No
2200072755,No
1859308328,No
574136897,No
746637564,No
48826221,No
32653092,No
51267605,No
220095890,No
418264644,No
71177611,No
7765902,No
1413124490,No
611331270,No
16169825,No
22677368,No
170591589,No
1382631883,No
47168113,No
14715811,No
112759229,No
563818641,No
2953950819,No
40573844,No
123063443,No
16470450,No
2488873374,No
25113236,No
2517601038,No
767338929112567809,No
101496743,No
4666990218,No
52669647,No
600235351,No
49263856,Yes
283168534,No
22078940,No
45646219,No
748311795731881984,No
94114912,No
3822557232,No
1426939406,Yes
117022992,No
841448508,No
321634113,No
111567872,No
230094546,No
227910163,No
77020260,No
2413842998,No
124711644,No
359299986,No
4361782161,No
218100045,No
444561240,No
449556346,No
141514699,No
68398349,Yes
13185272,No
34403734,No
1977690018,No
72701241,No
98873458,No
40251516,No
46228767,Yes
2303638746,No
146850968,No
7287622,No
2886602575,No
40769391,No
166096228,No
158697330,No
264218502,No
2163213144,No
28417220,No
3318597149,No
49401720,No
1684636556,No
109469032,No
1328586871,No
216030405,No
209180682,No
481567669,No
2774375013,No
339825758,No
273988875,No
331483931,No
6927562,No
155014004,No
180726357,No
35857831,No
88541237,No
2586648276,No
113181276,No
20479369,No
6456692,No
2197473794,No
388545701,No
87287475,No
15212202,No
1497020376,No
21420819,No
394339719,No
347780670,No
412218454,No
151471706,No
444045584,No
3241686193,No
307071884,No
164729685,No
211314838,No
4252076728,No
14286542,No
21671483,No
3388544465,No
23845398,No
2897133662,No
300931329,No
28450322,No
207016716,No
18267432,No
41457911,No
468476916,No
8922082,No
28291808,No
617875930,No
28070351,No
14178066,No
772890069938081793,No
637224461,No
1056165000,No
470553237,No
2573219121,No
49750455,No
391010001,No
1299813354,No
615138587,No
1259743393,No
619522261,No
21875869,No
44737051,No
4708108637,No
2998233178,No
36746331,No
2927219833,No
12144232,No
800813617,No
3304637221,No
132345637,No
21287437,No
101879535,No
2780953026,No
3758506395,No
697098786942885888,No
2340821,No
603712296,No
57340573,No
781965044892524544,No
391582041,No
2735624285,No
79378269,No
1107690745,No
270396051,No
1015987736,No
1433596662,No
901169144,No
336941297,No
90924839,No
333867039,No
1587800580,No
15374193,No
898250437,No
120838314,No
19919515,Yes
1282440788,No
2231539655,No
153682905,No
395496665,No
235546963,No
2856962985,No
236599759,No
792816445637926912,No
97359917,No
264910184,No
85868833,No
16059827,No
107422115,No
322230922,No
110614239,No
118712723,No
43370459,No
86866410,No
182811243,No
350308945,No
872616324,No
218176653,No
751094263870545924,No
90510002,No
467554781,No
160326340,No
470228513,No
51824516,No
17030728,No
367853187,No
953947501,Yes
23756473,No
20066293,No
2572375764,No
189975748,No
72342053,No
55160211,No
84390105,No
2189027816,Yes
173736457,No
2960386147,No
726316472947986432,No
230429587,No
1539218622,No
28397661,No
727790783437246465,No
67290915,No
2854616179,No
17641725,No
2974841467,No
2366888623,Yes
2851697636,No
746674676492013568,No
569410380,No
3198506329,No
794216898644869120,No
2535272502,No
471697777,No
173297485,No
2488775060,No
185954790,No
329538941,No
1513009609,No
543571642,Yes
62304497,No
40936936,No
780540098,No
2171653297,No
3679987464,No
3191823195,No
16611081,No
86762070,Yes
588300950,No
26787826,Yes
18245601,No
170352544,No
71190470,No
777593585629814784,No
73097498,Yes
3322188248,Yes
31453996,No
64988324,No
778629076940500992,No
111109304,No
268256709,No
47039868,No
62059958,No
1440700358,No
713949712194215938,No
62589198,No
1382868224,No
113948965,No
55197678,No
1193371062,No
393362049,No
64041474,Yes
95240527,No
70380059,No
1636351038,No
129126829,No
29698415,No
142201059,No
715130976935026688,No
195448833,No
173123534,No
61606664,Yes
2482688934,No
17625406,No
19265076,No
950549930,No
2912840879,No
1017832603,No
2362291682,No
2986338112,No
160675684,No
301381979,Yes
27969435,No
19436808,No
1600931,No
33553251,No
1483276698,No
81979954,No
1140305274,No
922660980,No
3336074537,No
19756713,No
267381861,Yes
2254085371,No
2197970570,No
20269328,No
870597439,No
1584883788,No
1024124958,No
17493016,No
29980396,No
721377902252683264,No
422753927,No
15250896,No
54507491,No
39509314,No
820494696,No
162914061,No
3646971856,No
2876804250,No
90481271,No
74426342,No
61323080,No
36175296,No
3057228958,No
455290024,No
15309467,No
133372179,No
158901096,No
2875793995,No
1169020747,No
23340607,No
19451813,No
2369485963,No
2994564113,No
529541551,No
423716129,No
379378914,No
2523514141,No
21024374,No
98863587,No
1171182668,No
20561973,No
384695518,No
1708460220,No
4482616212,No
20501629,No
14326901,No
45261250,No
48893323,No
928763503,No
211419571,No
535015099,No
125675649,Yes
274670671,No
15154216,No
842317388,No
367676040,No
1186407745,No
282751621,No
1665978758,No
760416523,No
843798637,No
2466234432,No
1873374613,No
3147626639,No
144895933,No
344633710,No
3257994684,No
21287456,No
268325835,No
96373498,No
127537708,No
21175271,No
272215307,No
69482012,No
13882422,No
976602654,No
1202660983,No
244127595,No
90344035,No
32208796,No
482233945,No
701970283620470785,No
479937744,No
290553151,No
258997692,No
57791793,No
2685923779,No
3264700257,No
4787662932,No
2998667868,No
878427038,No
4756047517,No
3528407837,No
114785935,No
42123801,No
509,No
247894564,No
2551467398,No
157560205,No
29547017,No
96399442,No
1734174698,No
536785489,No
359416945,No
111154233,No
283608923,No
28579374,No
148709111,No
16974098,No
758490370309107713,No
11622902,No
3230947374,No
162089681,No
717836426,No
738118316452089856,No
732256913027530753,No
565815554,No
1695720008,No
190760270,No
1186727431,No
44622484,No
349475342,No
91730206,No
773045604326993920,No
101817037,No
68347623,No
126798896,No
2316530562,No
3258168487,No
4889990293,Yes
1199773272,No
2193153876,No
184341382,No
4693680386,No
1885833912,No
218064209,No
108500760,No
2805689886,No
780965092582051840,No
25133328,No
723339836757827590,No
775337026300186624,No
489827888,No
88709529,Yes
561696170,No
1373354234,No
199751278,No
2411748420,No
16703283,No
153740950,No
2345649007,No
74479455,No
2299229156,No
1393820892,No
49424310,No
92506401,No
79095526,No
15786675,No
558081498,No
2613132308,No
309103324,No
253328356,No
280924003,No
16898014,No
111311425,No
116394463,No
84824488,No
2242138508,No
1023375762,No
172626466,No
101431978,No
757353953935790080,No
101976764,No
2515080404,No
17782870,No
73416807,No
273795832,No
3195840757,No
4242036260,No
3091815276,No
130804711,No
120686214,No
15363966,No
66302156,Yes
433114728,No
166950381,No
3104054881,No
860782586,No
82570700,No
1873846074,No
524784220,No
937472923,No
119640490,No
970657332,No
87118044,No
794799844913246208,No
61141419,No
96286076,No
990333956,No
58433580,No
305814105,No
618236025,No
213690076,No
487962424,No
19440322,No
133172077,No
87117683,No
4880556981,No
2960490260,No
3020447602,No
405164703,No
427609692,No
2403231494,No
16069130,No
4487288773,No
2582743346,No
160933502,No
103623830,No
65417675,No
1498050319,No
97011860,No
957140720,No
2508603106,No
3046666154,No
54641026,No
21528028,No
2559174822,No
36011910,No
2960171321,No
1856634302,No
100209462,No
1495902908,No
551812896,No
821125016,No
87379460,No
299195185,No
9506872,No
16561291,No
2856399197,No
3912881660,No
4672171753,No
83441084,No
321395977,No
794742773672910848,No
703551459783118848,No
713576561799094272,No
406888732,No
130542674,No
822491196,No
171696906,No
379579464,No
508281458,No
25344410,No
20842436,No
135954665,No
794834856513388544,No
707234457577779200,No
43010405,No
2515586548,No
313823505,No
794865427000107008,No
634866870,No
700157188,No
181163587,No
275892665,No
312837010,No
23060688,No
21293985,No
133795300,No
3958952128,No
214875930,No
700413748587134976,No
339912317,No
305186800,No
175909588,No
139661734,No
29928368,No
477988545,No
55553419,No
792393702119387136,No
103173046,No
23067380,No
1543185697,Yes
16102387,No
231471532,No
2963859957,No
738348487,No
248336674,No
2745442233,No
65701751,No
171158169,No
452284120,No
2810344255,No
25966361,No
3230421368,No
794882735416348672,No
16448937,No
720502068344201217,No
2473987760,No
32884145,No
269450888,No
2872381,No
506169734,No
163234448,No
124404304,No
22623668,No
3784437202,No
366070192,No
21614568,No
778257690833391616,No
91070198,No
750926251,No
1034054106,No
63802295,No
752856230,No
137123695,No
20376877,No
2261733470,No
1882693742,No
166228605,No
604322953,No
18450619,No
736905580426715137,No
186054723,No
813888230,No
26619513,Yes
117692606,No
719797334490619905,No
11363412,No
150754343,No
15811626,No
3367422562,No
2246728718,No
229832770,No
3254261406,No
69203404,No
123250518,No
36727437,No
18933348,No
2244462676,No
1188749005,No
376989915,No
122537223,No
276409190,No
2184830563,No
126775981,No
3307658450,No
58508534,No
1107810144,No
1573710464,No
794897603565649921,No
433633820,No
273360234,No
52119798,No
23923212,No
273967198,No
235644674,No
204458885,No
218047455,No
1497371880,No
2600294483,No
1947445350,No
14550524,No
160351387,No
379112521,No
208750719,No
713036018,No
21507214,No
757246957056253952,No
158747192,No
2411557254,No
3621489796,No
61202914,No
1513256844,No
39503485,No
1305569118,No
471528103,No
1071362384,No
137088213,No
20193668,No
39261405,No
762772054408069121,No
1366998474,No
310914911,No
3255474476,No
238383742,No
30449971,No
29010115,No
54225272,No
1579149218,No
16242592,No
739160998221914112,No
131604312,No
333520303,No
46908882,No
2324935400,No
2645861,No
49102538,No
72660744,No
18801710,No
390400826,No
1914166975,No
122909921,No
118332705,No
46324534,No
1476338503,No
1247390532,No
1511378161,No
444792256,No
213676804,No
558909704,No
27070796,No
15525392,No
2282717091,No
2544451983,No
1475688288,No
2310997442,No
128997218,No
847795915,No
450676096,Yes
68977795,No
37765689,No
51687101,No
2903358217,No
2890995413,No
393360279,No
2312379978,No
274333027,No
543778131,No
791082112967319552,No
145332416,No
16423336,No
14839627,No
497260242,No
46021688,No
144417801,No
14185846,No
733409848927223808,No
1570475924,No
112758097,No
1524849332,No
2508971409,No
752064640918495232,No
321612832,No
2743293411,No
3089388027,No
149205496,No
1152863588,No
435529602,No
169523430,No
358321807,No
122259179,No
3308262144,No
2151075041,No
545738250,No
11835212,No
616272054,No
57911587,No
724359440,No
13342982,No
2516314615,No
109957953,No
2197911244,No
45045231,No
1055297540,No
2798551179,No
704642483108634625,No
197915110,No
183185916,No
201373006,No
567487989,No
2604376542,No
4517725215,No
33933098,No
2752505106,No
4295867839,No
221771774,No
811611757,No
24850198,No
4906670200,No
84875337,No
4766733902,No
3941204535,No
4435617194,No
733334988897148928,No
436219503,No
1619221243,No
229519907,No
575390754,No
68668048,No
83776043,No
46741199,No
214124030,No
19968342,No
15650995,No
456184129,No
15007269,Yes
93735702,No
29207516,No
221463422,No
14498026,No
21160241,No
1295519514,No
25087244,No
49989431,Yes
784232940045635588,No
543742037,No
2717299938,No
143901353,No
81925617,No
2874127983,No
719030791,No
23824476,No
17637584,No
285564031,No
258781911,No
385986441,No
295751809,No
141385502,No
4701786715,No
4133902939,No
65368080,No
1091048630,No
26034446,No
246569534,No
46470202,No
847564946,No
29579566,No
58319911,No
880638594,No
718368762,No
4412017879,No
230968607,No
1640736770,No
3025026268,No
1168891231,No
2561987932,No
689443,No
14881631,No
17857303,No
22065705,No
1447445948,No
170667264,Yes
217279145,No
8470242,No
35897341,No
43557159,Yes
556203794,No
126035165,No
2161691195,No
104494262,No
619897829,No
23422823,No
226735349,No
779291112523661312,No
23149177,No
133676329,No
23850653,No
378076456,No
395028940,No
507360196,No
403948926,No
182757818,No
2234079518,No
1582680620,No
36195921,No
401490814,No
436385083,No
499136457,No
1300002864,Yes
150700993,No
1631096060,No
17631815,No
429145193,No
18915932,No
20931073,No
456107269,No
52962458,No
17561692,No
283687814,No
19105648,No
2622077688,No
15989935,No
2879605897,No
110001327,No
44878870,No
5468322,No
3310693859,No
3554680156,No
707304050367275010,No
28849765,No
4866517145,No
3354681201,No
546353974,No
370640708,No
26101911,No
2372412859,No
42553619,No
78002484,No
609106644,No
390663031,No
288278707,No
61149862,No
6352002,No
415732114,No
3674647996,No
105841500,No
987010334,No
36909163,No
3347038577,No
280942428,No
2920097186,No
705857618,No
107720018,No
1018160642,No
172138310,No
23537720,No
221713592,No
16279527,No
18113347,No
2227855403,No
122193273,No
487876567,No
57095546,No
2478991942,No
22318800,No
17463956,Yes
3315701423,No
21265639,No
23452175,No
165073789,No
721245979920461824,No
359169330,No
261274640,No
303123367,No
1141189604,No
417440374,No
2645665930,No
361310741,No
720648488594366467,No
131460274,No
71065435,No
12228702,No
1681422211,No
790552200485437440,No
207189742,No
122159107,No
15598558,No
1916791734,No
3540809533,No
565037272,No
141124744,No
399724771,No
48857727,No
342777643,No
15691325,No
25214566,No
1752073602,No
2983132720,No
3078052982,No
241735926,No
2548466150,No
1252833174,No
999342018,No
48855264,No
14472490,Yes
3939183493,Yes
753581555008823296,No
964799808,No
983281195,No
2923088181,No
749747076,No
90831171,No
3241714097,No
1865390934,No
4099659113,No
68148241,No
75842615,No
19422030,No
103607051,No
90856120,No
19157202,No
3748708212,No
737607555858325504,Yes
17804034,No
751309743000518656,No
624701300,No
96495092,No
1028934518,No
71992801,No
457331282,No
833566544,No
746745576,No
592612817,No
2317909435,No
2357637074,No
42013343,No
2422427690,No
1214335602,No
24530914,No
75603588,No
238364511,No
280200803,No
91398387,No
2501882556,No
249600784,No
194954782,No
188509369,No
79665915,No
32193407,No
783001799380774912,No
899940428,No
123058781,No
3309954151,No
164157058,No
25773642,No
52436759,No
42421429,No
18912992,No
244497804,No
5948982,No
16359947,No
155537738,No
82056678,No
20244677,No
90389307,No
3018271286,No
317771821,No
93109565,No
129697885,No
20633844,No
745963375,No
114712087,No
189968838,No
381925289,No
7378852,No
222449438,No
775262923,No
1241883061,No
2180360617,No
2274222559,No
3120281874,No
273346406,No
1451144844,No
772157352732684288,No
756017336818237440,No
416247723,No
66470444,No
1566707948,No
28249599,No
1111978806,No
128924589,No
1442257567,No
15797540,No
339264344,No
2832583026,No
28562478,No
23758349,No
594293037,No
15401714,No
558779605,No
795673533691133953,No
145641469,No
705482779589533698,No
173142203,No
43866763,No
20299053,No
4818310072,No
791069538347585536,No
2431987241,No
55858730,No
22533553,No
1666337360,No
113988552,No
2935131893,No
2837576560,No
783283774553325570,No
35494613,No
81803977,No
218516662,No
32927057,No
153715301,No
536178856,No
2998699971,No
774695745169477632,No
264728194,No
394097716,No
294607130,No
20490825,No
574633767,No
27056183,No
1079912580,Yes
358265157,No
292071548,No
3141756500,No
795688135208370177,No
24177500,No
2328418490,No
38855987,No
2544056160,No
3226056694,No
252516093,No
42223408,No
14518496,No
941329873,No
351233763,No
236144624,No
16101134,Yes
27071566,No
430321074,No
19026070,No
3028486809,No
301131509,No
72244850,No
22982668,Yes
2205388434,No
2286457988,No
96185933,No
195814998,No
801096320,No
24216944,No
356630390,No
221622379,No
29894847,No
1898668249,No
44441471,No
4144281509,No
197396105,No
712609620,No
385293056,No
3709774034,No
132802580,No
3110395221,No
1143623798,No
177279835,No
311519412,No
780926815,No
4077359177,No
563320158,No
394977649,No
4275197799,No
200720939,No
219329655,No
178821926,No
39110593,No
21310553,No
2584960714,No
2335975452,No
520645013,No
50619528,No
768287467,No
20138264,No
31094419,No
15615730,No
351776318,No
3254266661,No
320363828,No
30682661,No
853878218,No
2376877178,No
35226172,No
14689526,No
190570700,No
1716675360,No
43352250,No
160624276,No
115689804,No
181995668,No
33989747,No
2774671460,No
308067726,No
26635131,No
781553268,No
231139305,No
2907183455,No
40768676,No
2234018858,No
2309319691,No
583353351,No
1880596854,No
1101591,No
345406700,No
20489626,No
430493995,No
560573206,No
114062496,No
14511397,No
277189332,No
35447423,No
3090172054,No
21363503,No
253639180,No
23432086,No
1663760480,No
90723248,No
149080277,No
3293635331,No
1885983194,No
30164429,No
28627322,No
1386347844,No
22385768,No
942113252,No
1596597066,No
1935401510,No
3167681303,No
150532059,No
633260448,No
451426681,No
493476670,No
20473822,No
25815563,No
94809536,No
31343615,No
1118203718,No
28580927,No
58459311,No
256552743,No
432735153,No
44668641,No
201886488,Yes
4536647685,No
92705421,No
41706212,No
58755445,No
15966805,No
15382897,No
19416518,No
1310112145,No
2504948270,No
394036840,No
164955773,No
71629161,No
463147205,No
754921332,No
2608444667,No
637265184,No
2900082724,No
159569470,No
65857855,No
175093585,No
1385160163,No
27510625,No
179054039,No
21645556,No
964771512,No
892823126,No
2571866154,No
13740992,No
268043511,No
4869114503,No
25195037,No
7284492,No
1002186955,No
4687878373,No
2783422992,No
65445499,No
115908468,No
108883864,No
385225560,No
120555720,No
1526616858,No
4185399737,No
221560503,No
2527805071,No
764506995013496833,No
795959099070365696,No
84811314,No
795983076908298241,No
262511433,No
732243207149355008,No
471592068,No
366738085,No
841901120,No
160630312,No
87221932,No
27496143,No
97610175,No
754848602,No
68085362,No
274112548,No
27732663,No
795997959796248576,No
910820724,No
287891080,No
551681039,No
182179968,No
2920941247,No
48944680,No
4557944566,No
90101032,No
2811396564,No
3318676735,No
2873102303,No
753488555071070208,No
15105778,No
69951475,No
954785119,No
326029626,No
3336781149,No
5723252,Yes
14413853,No
516556488,No
742055695302983680,No
398292491,No
277929489,No
44353233,No
88738596,No
3853747515,No
1272912847,No
2416321346,No
893188008,No
206632031,No
898162058,No
236486106,No
90014982,No
15378410,No
15621893,No
1396008896,No
15702261,No
137296976,No
7846672,No
228269319,No
157082557,No
387505752,No
23464616,No
722550085222035456,No
4153127565,No
2969498045,No
392144565,No
526225187,No
2800056331,No
95938737,No
208016798,No
374110134,No
306265272,No
12096932,No
41827055,No
1292291383,No
328797772,No
261427312,No
15553071,No
290491336,No
877933230,No
1678832478,No
1668987680,No
23808818,Yes
1163326477,No
854950676,No
34210603,No
26485105,No
23830952,No
305743837,No
2994595354,No
53772526,No
19159242,No
2796657390,No
603939924,No
3119795147,No
604972614,No
318695981,No
196950879,No
1491042913,No
16073359,No
51905480,No
612578693,No
20538964,No
2872088193,No
4173288262,No
26430142,No
789689215059578882,No
1002018746,No
3077621,No
15125017,No
796054803608731648,No
215568590,No
103958741,No
729319744206188544,No
23730399,No
3183453890,No
275426669,No
131126857,No
3741403168,No
305434615,No
329542960,No
116431320,No
353404797,No
14799621,No
889230312,No
44302010,No
268351530,No
1602373866,No
3988325908,No
131804147,No
563627820,No
1084312460,No
60634519,No
1331094420,No
41657472,No
974229547,No
86799484,No
794888433885810688,No
277017869,No
796067705832886272,No
36473056,No
259388933,No
2880216619,No
188531618,No
2559611154,No
14478142,No
25707603,No
256772298,No
133797586,No
2865621935,No
114342489,No
571557161,No
15256454,No
54716547,No
49144656,No
191904310,No
409283690,No
1066322480,No
18810267,No
48177896,No
1431766428,No
125043881,No
345043590,No
28345343,No
1536789132,No
3060203176,No
93844331,No
2325499389,No
381917815,No
361176156,No
30069494,No
20935108,No
376126981,No
112057112,No
5756902,No
63484106,No
46697956,No
253658469,No
180746428,No
886604275,No
132298807,No
20503865,No
28594407,No
473515989,No
14804040,No
14291504,No
558836355,No
1089848792,No
271101710,Yes
1631057065,No
342698681,No
3533658673,No
258933234,No
17323794,No
2478278258,No
28657265,No
96366635,No
46162630,No
79023303,No
271216207,No
103686271,No
449446363,No
23575224,No
827944189,No
3002347059,No
250214902,Yes
2802874982,No
1244072876,No
17656588,No
788834626827653120,No
122824390,No
764119741053046784,No
23116122,No
792792450737864704,No
6546732,No
42884086,No
19980549,No
14338005,No
385528206,Yes
521294236,No
386805146,No
153985889,No
22146910,No
2307380306,No
1182971527,No
3075491106,No
119307352,No
14219242,No
564961562,No
3115576627,No
153250923,No
16406450,No
2549966083,No
134300648,Yes
125549164,Yes
38679292,No
552516584,No
20224244,No
1025480738,No
61416061,No
3523578387,No
27247006,No
1272524941,Yes
222723850,No
22613878,No
226850196,No
335150805,No
3314867829,No
19022627,No
347425053,No
88283194,No
65937170,No
579275009,No
320275261,No
36667966,No
476517739,No
35005291,No
2236566084,No
361313983,No
53506552,No
1526183060,No
821399311,No
1515611550,No
630450707,Yes
298726497,No
44896645,No
2154729774,No
768077134095118337,No
62507660,No
34175835,No
588631377,No
15182943,No
75864539,No
329078332,No
791953070850646016,No
20948750,No
175085417,No
4091227407,No
1198945374,No
96411400,No
101076998,No
2266880004,No
2800458616,No
1431493604,No
367830387,No
6798862,No
795646632943636481,No
47747133,No
236855399,No
98891641,No
394945596,No
115635864,No
569374728,No
16096263,No
95440086,No
528138404,No
328208429,No
72938553,No
2972155870,No
1628265182,No
122415060,No
4264937254,No
325967224,No
34602739,No
102611957,No
796009500599721984,No
164982238,No
498757115,No
3148118937,No
2373077611,No
146854424,No
1477351771,No
309890984,No
17126306,No
928582825,No
2195033803,No
399037881,No
19273402,No
41489388,No
2216088554,No
98177499,No
880742886,No
2682185777,No
4473210739,No
621122837,No
6444622,No
236649070,No
66737447,No
314686291,No
599531261,No
798620239,No
982064118,No
349033999,No
35811757,No
397439537,No
4758727915,No
136877426,No
726550880,No
97355940,No
182501174,No
237925217,No
4708543042,No
797107888917532672,No
42371747,No
320909030,No
141271246,No
577095720,No
61212285,No
3378554417,No
19181844,No
46898921,No
24595213,No
15512995,No
779492010,No
46632791,No
82540032,No
1688175043,No
68279679,No
225664678,No
32167638,No
716850865,No
918742332,No
241997922,No
494209673,No
508084280,No
381335338,No
770606189839126528,No
65138263,No
2618842076,No
213060183,Yes
16464218,No
583441494,No
156198324,No
3339277875,No
581116722,No
361615296,No
19764998,No
347560553,No
545272193,No
183154868,No
21005195,No
2273329645,No
2166638604,No
14179329,No
313560239,No
494206677,No
23168294,No
125650028,No
851645053,No
252352391,No
14943648,No
142245903,No
208290586,No
216233305,No
9238852,No
2671534411,No
281911333,No
738077241599352833,No
57764758,No
2381737553,No
245559934,No
353899980,No
774544186922061825,No
14775460,No
34338886,No
319125721,No
275649940,No
61538591,No
76584269,Yes
166473207,No
96930446,No
3131039308,No
23048016,No
1577510622,No
728704406779248640,No
1298178577,No
255613732,No
788132640578605056,No
54477310,No
19230970,No
103596223,No
26103360,No
71548087,No
64203120,No
516304987,No
146366224,No
241148749,No
47560962,No
165085783,No
157754047,No
162340562,No
729370670,No
216460216,No
3014240350,No
3879021226,No
2921269699,No
18017497,No
255584314,No
77433338,No
25318115,No
1417638818,No
90212179,No
1844190636,No
21850314,No
361497049,No
553031167,No
302787205,No
1454746249,No
2222698471,No
2369922028,No
1342890242,No
145299291,No
105380969,No
8699612,No
902571277,No
719446423192866816,No
2906630166,No
758859467223990273,No
187116378,No
2562289441,No
27404471,No
567602439,No
158026443,No
2438443749,No
217888370,No
42043027,No
229489271,No
1327014067,No
123986777,No
221163576,No
152727557,No
2438518389,No
545014407,No
61374037,No
258270982,No
88743331,No
22266982,No
96691829,No
65677879,No
47314415,No
4082173048,No
729352392425213952,No
415455132,No
185591130,No
2984153235,No
2449898280,No
2852941692,No
1568524057,No
1065978944,No
101057732,No
862764198,No
2208324335,No
777881429715914752,No
167684507,No
1583722038,No
555518975,No
43597889,No
80350713,No
810995676,No
480064705,No
3255152359,No
18784961,No
738104570132463616,No
20868424,No
13471202,No
45072856,No
2255625337,No
305562060,No
188397745,No
126899504,No
229286414,No
33572294,No
12241062,No
47894846,No
377866568,No
70479645,No
764079794,No
17000855,No
2608208330,No
282683778,No
211600231,No
95380006,No
461595055,No
362766414,No
3075575168,No
735171454803709953,No
3864307895,No
234427381,No
857286540,No
750161892878852097,No
24328214,No
2346810774,No
796919054174916609,No
723447037732118528,No
1171440462,No
251862943,No
342665159,No
259311264,No
17187670,No
16387631,No
16082982,No
17757282,No
255670226,No
41649344,No
1118151961,No
51786873,No
23497718,No
6090642,No
25579093,No
51395884,No
93964759,No
24166540,No
755083301358931968,No
48040595,No
63919977,No
11798342,No
319104368,No
2955606547,No
61645110,No
23319527,No
176117605,No
85689253,No
44138598,No
417076593,No
31380384,No
2491153886,No
251295443,No
2526234165,No
3380629378,No
87087057,No
544573543,No
85167720,No
514784292,No
2392733896,No
702163844601401344,No
556734588,No
108743064,No
1228051986,No
307360094,No
2901505328,No
37031664,No
317578850,No
30747247,No
611144567,No
14270441,No
227765308,No
271211673,No
54204517,No
30839985,No
227778757,No
29632854,No
558197416,No
3301499319,No
20142261,No
56629665,No
2473033850,No
797507517202870272,No
3232151900,No
95119628,No
53364633,No
348484311,No
38219876,No
550250804,No
27406845,No
752446091166003204,No
103091168,No
270942939,No
449167563,No
1660953337,No
724043072,No
456890740,No
4739186597,No
49576954,Yes
3293619897,No
248009855,No
50692708,No
14714640,No
848267570,No
2531506076,No
532130811,No
24544757,No
21651074,Yes
21000531,No
545872232,No
1722723162,No
522768886,No
95410607,No
277677696,No
1247387130,No
1387267123,Yes
746695081642561536,No
771120017257660416,No
1548937333,No
858441744,No
1203174451,No
1711776426,No
14174259,No
315896451,No
209542391,No
703924902,No
47687512,No
393944957,No
40552570,Yes
220411007,No
18438538,No
755080,No
192548875,No
319061349,No
52452960,No
3236138867,No
415019975,No
410965903,No
90911580,No
2800223095,Yes
11579862,No
42084462,No
9614422,No
494325849,No
21145162,No
1976287740,No
2528223968,No
557978237,No
267423926,No
23367000,No
121318872,Yes
286743424,No
215054776,No
89697010,No
12990382,Yes
752848767510978560,No
2365043832,No
27495132,No
861323772,No
3257076961,No
277753847,No
157978194,No
17836921,No
2397689268,No
742381512004407297,No
3150289771,No
1600786148,No
8803432,No
28314729,No
789691149459914752,Yes
4893071304,Yes
14700303,No
18775623,No
348829793,No
42733929,No
69484226,No
3084947981,No
22770097,No
15198621,No
781212698,No
943276956,No
358929393,No
4214204713,No
944969299,No
15505194,No
43679357,No
176095861,No
21796074,No
16543736,Yes
32068339,No
22454611,No
14850093,No
595728279,No
1222472503,No
466587271,No
2734836958,No
20538918,No
25805398,No
2323965066,No
568997840,No
1466110303,No
716422278922313728,No
376257732,No
85780379,No
217198836,No
3742475534,No
873296534,No
26002541,No
440112217,No
799399130,No
351123880,No
737858729354350592,No
25338634,No
128257538,No
719331920857829376,No
216284532,No
104549508,No
883435735,No
1117035426,No
100049952,No
242931055,No
791166101006585857,Yes
296356561,No
717747938684977152,No
542785859,No
21234862,No
1589158129,No
288616007,No
144054572,No
92923106,No
19533744,No
14873714,No
922362608,No
44106580,No
3898341375,No
4647236601,No
79590645,No
808338818,No
410791784,No
330075667,No
97781741,No
3308671617,No
247788684,No
27340833,No
39217139,No
30949647,No
443620080,No
325527178,No
72844074,No
117560528,No
216660177,No
54528620,Yes
785653,No
11037952,No
3223932968,No
64555987,No
2725396884,No
437001171,No
14751142,Yes
50358415,No
332899706,No
4619005656,No
1422404605,No
2755015264,No
27426298,No
190020863,No
5979042,Yes
20869961,No
52110780,No
40128465,No
2995736386,No
798143442685755392,No
31224604,No
744869017,No
276434233,No
286122382,No
946760586,No
272995993,No
370500323,No
133463777,No
457678620,No
797260509846401025,No
570103667,No
295614902,No
21757700,No
3245093197,No
786825663822954496,No
2519672255,No
17704691,No
715998799202750464,No
197914951,No
538160189,No
14750654,No
2383422907,No
761839268335542272,No
13789392,No
371729504,No
368787683,No
19585408,No
2690680790,No
1543065206,No
20624053,No
27830952,No
115487106,No
155580590,No
161705768,No
57493418,No
798244676268597248,No
959783083,No
35989093,No
3154978622,No
64073573,No
50804007,No
4764522918,No
474807036,No
108139168,No
18990027,No
4811140587,No
250182550,No
279596242,No
221111147,No
17248402,No
167760162,No
22620182,No
177603947,No
68270085,No
561449171,No
319672097,No
725787705158852610,No
352692105,No
1230093582,No
2971762210,No
6382412,No
520562823,No
798264681919967232,No
26300486,No
258077403,No
774223682482868224,No
16927781,No
226708917,No
16790101,No
3027673627,No
43202905,No
3025478429,Yes
22156838,No
2304793073,No
1870505275,No
3379553531,No
213667522,No
152239459,No
267266289,No
490268144,No
97534492,No
367539891,No
126275079,Yes
20940696,No
7842092,No
102098295,No
1464721,No
360659460,No
91451275,No
56126488,No
176923496,No
20725104,No
1341139117,No
39547724,No
19869133,No
81449152,No
177649464,No
2528477549,No
17207272,No
3234094484,No
15737594,No
1324097502,No
53550098,No
17055218,No
109957012,No
34916196,No
117163213,No
882080665,No
46929510,Yes
32174106,No
362247601,No
464652528,No
341782336,No
14909182,No
2238884626,No
583167077,No
20983939,No
2244024631,No
3968479217,No
19884529,No
247823511,No
2772294399,No
3456385393,No
370108024,No
29297130,No
322212897,No
46990412,No
80417283,No
204924508,No
2194937514,No
1681209787,No
2684411207,No
43617802,Yes
93036950,No
115477169,No
217478505,No
173449565,No
72958325,No
459414811,No
432631977,No
51787031,No
782900988919160832,No
25547524,No
91858249,No
150627187,No
60145892,No
1149291,No
249520069,No
1111512332,No
93680887,No
355118296,No
39481349,No
39034193,No
134224628,No
64743971,No
21901481,No
84043963,No
22521482,No
716858894,No
87177444,No
404436447,No
796428966,No
2347280246,No
434558465,No
22563632,No
20275190,No
46650229,No
3147697390,No
39676291,No
139165916,No
259519790,No
268535433,No
21391898,No
18462436,No
776868277444378624,No
17347849,No
318051536,No
160435815,No
20545576,No
236779140,No
129120198,No
22369099,No
14943592,No
16002149,No
43760416,No
174933353,No
296102483,No
19383954,No
1639136594,Yes
14457833,No
41651301,No
381370193,No
20942419,No
2541708894,No
59553464,No
16159321,No
781596449549250562,No
19303702,No
386603440,No
306349842,No
1549113302,No
30055872,No
144781839,No
171240785,No
48450018,No
18807516,No
2176387967,No
106226202,No
45659327,No
2881248985,No
783693715680403456,No
367905176,No
537274283,No
100856463,No
2196597495,No
307026383,No
130365577,No
112985258,No
328355214,No
18774780,No
22303606,No
20086466,No
16293078,No
22129918,No
616447014,No
500147183,No
1688112752,No
4874294056,No
732670136671313920,No
8864572,No
96631103,No
33763825,No
243929223,No
410966708,No
2414585990,Yes
5371602,No
67412476,No
101381642,No
703273536073441281,No
1433151373,No
18499269,No
14664983,No
369724927,No
308095918,No
38976197,No
559985798,No
37302778,No
2835401918,No
163963199,No
629790491,No
1894226707,No
457415010,No
87093720,No
4794504674,No
357401070,No
2861463970,No
28559574,No
39108601,No
121991229,No
994752650,No
718156061794959361,No
225238649,No
69755865,No
4539304393,No
614522642,No
1543201405,No
71279127,No
413488100,No
715369814399778816,No
2750197015,No
257533576,No
428190299,No
798847842550829056,No
55369308,No
2214797696,No
83636706,No
90495964,No
24038624,No
2790856567,No
36297302,No
2402132041,No
444100991,No
247724605,No
8740862,No
240081508,No
65790471,No
72036571,No
566379370,No
1870500607,No
45559550,No
309757122,No
351806152,Yes
789936647211196417,No
39890603,No
3028048097,No
707026269,No
272125098,No
721786338681311233,No
49066801,No
100339412,Yes
271641644,No
131875240,No
571839701,No
350388660,No
532095415,No
50601606,No
93693594,No
3259730341,No
100414514,No
798533033267642372,No
173143092,No
562366927,Yes
4235379560,No
833345197,No
1124757457,No
2841151,No
787917251273953281,No
840539215,No
17084827,No
4149786681,No
263063213,No
13476,No
727561060895625216,No
433323017,No
222950110,No
39143913,No
78216781,No
15190396,No
2790046598,No
302648885,No
362860027,No
22668418,No
299621613,No
585904856,No
757002082016595968,No
422289251,No
561635424,No
188048561,No
793611086775803904,No
1126818205,No
2920029551,No
932656033,No
45151921,No
401011569,No
768817137825746944,No
427732030,No
3112329991,No
1200603446,No
1098487784,No
703794552151384064,No
1342169138,No
387707304,No
1368629880,No
274962690,No
103464555,No
603129960,No
39189100,No
742318445253906433,No
102357306,No
376641182,No
416613533,No
2708504166,No
401417703,No
2436478914,No
30420973,No
216663544,No
3022121611,No
413904346,No
1239473694,No
1202674068,No
3318894126,No
768319670562594816,No
142202059,No
2307975359,No
27847210,No
100468594,Yes
2978509899,No
4881013240,No
2745156795,No
134810256,No
2437510734,No
199207325,No
36328605,No
411343806,No
807283112,No
771359221988360193,No
24585018,No
68716925,No
22931421,No
747496426742099968,No
120487125,No
203525025,No
15601717,No
163170036,No
962231755,No
2347127078,No
15289170,No
426482020,No
172524748,No
589136523,No
305857840,Yes
35424334,No
38483405,No
2838870535,No
1964114473,No
488315933,No
1021201022,No
1100876221,No
1142012113,No
2235597007,No
1410218906,No
15207529,No
2428683302,No
269701093,No
101281106,No
156028949,No
551360912,No
1737749366,No
72068059,No
4686732030,No
20258179,No
135975848,No
204431120,Yes
345876460,No
2409373158,No
147917902,No
2996230871,No
1375840513,No
1426169557,No
1451301258,No
1036308488,Yes
11921652,No
50161259,No
20758545,No
6438972,No
47678631,No
783170774592987136,No
337245834,No
70730074,No
230188261,No
20358234,No
359026224,No
6429282,No
6836922,No
308360852,No
271998432,No
1959727118,No
949371420,No
752172830234710017,No
57842789,No
51062231,No
20585607,No
4230218615,No
166639440,No
19169076,No
70115193,No
260259473,No
75684570,No
254758221,No
94583597,No
234533874,No
260303641,No
141982530,No
175745790,No
2296482313,No
87422232,No
1724102322,No
3336757245,No
724189970,No
176357673,No
583640509,No
1578211250,No
759836276421857280,No
3404642662,No
142336132,No
3377092467,No
4297936101,No
2994094181,No
160671279,No
730805019793084417,No
219659582,No
347748696,No
63969944,No
29728106,No
384176726,No
74750919,No
76070501,No
4898726015,No
339864755,No
1151687198,No
3145509142,No
1154173362,No
307277058,No
20754085,No
296091321,No
65798263,No
14579180,No
19183252,No
45854707,No
1331382218,No
4927024383,No
1471351405,No
787955435340963840,No
115183776,No
1149784848,No
496421780,No
696454631124299776,No
128488970,No
4558888055,No
272464645,No
17089287,No
405571289,No
37946234,No
445000916,No
1000196282,No
1332619080,No
19466684,No
100054985,No
354420398,No
141825371,No
4119838889,No
362570313,No
432640011,No
29564945,No
44579937,No
400160847,No
1189778617,No
776052532279848961,No
2811064347,No
403583420,No
52882287,No
17723801,No
1661750371,No
2663691679,No
1886749518,No
100492517,No
280219418,No
127661496,No
204014561,No
163312261,No
15994251,No
248235102,No
468930314,No
136309879,No
2474742326,No
31185223,No
73776973,No
171850503,No
16811143,No
162537044,No
46695189,No
192038647,No
209702451,Yes
532670919,No
608713118,No
2826533876,No
14641347,No
1176304364,No
3294994543,No
119882978,No
390715688,No
184327617,No
1974766471,No
2890200662,No
1182576343,No
465813458,No
135502850,No
541225785,No
17812154,No
2278059685,No
74783759,No
28798043,No
270375787,Yes
11346592,No
49449084,No
32610814,No
483534529,No
40040544,No
13115722,No
523766861,No
18727375,No
509562394,No
1438929086,No
3221481337,No
1001811912,No
773836591953477632,No
18365861,No
1971702318,No
104940730,No
17516862,No
22420712,No
80940944,No
102453470,No
23323328,No
302140545,No
54653562,No
2809021005,No
2259952085,Yes
706566780,No
613397647,No
23846387,No
2352468495,No
20023001,No
302494107,No
741122089,No
238865844,No
1317501266,No
2601361880,No
2386387016,No
145173032,No
298032377,No
18374624,No
20949326,No
721033320,No
14623584,No
75590204,No
245974375,No
66483383,No
702926112586915840,No
14207831,No
3793208116,No
21352952,No
46710008,No
43098053,No
436735777,No
268840105,No
733420123,No
88667806,No
706916183044395008,No
63519694,No
71308901,No
3126644265,No
794007645912961024,No
1036909446,No
19585689,No
19241818,No
727607632026963968,No
300347019,No
47334501,No
2748575021,No
274498719,No
1474235352,No
244877786,No
40817603,No
52153129,No
98376265,No
1410524233,No
39981806,No
3501914299,No
19064035,No
20102540,No
27861041,No
20677803,No
724405523039154177,No
75021813,No
14674489,No
616764708,No
81051961,No
3234224554,No
236698395,No
50978209,No
84665487,No
2447979388,No
20110100,No
303050486,No
130880279,No
1411316072,No
2382556428,No
1887321529,No
3983451,No
61000189,No
394901408,No
2386909909,No
182798124,No
97881047,No
231233965,No
17704456,No
230699246,No
362037835,No
2666930880,No
1311229880,No
27104864,No
736942125955350530,No
631922808,No
134441618,No
2857602875,No
546341968,No
2204688295,No
176594328,No
69316878,No
414199689,No
565729091,No
3010608646,No
2531044879,No
160207018,No
37954509,No
286878865,No
462183860,No
3223924074,No
451351464,No
23351567,No
4830373930,No
2148935052,No
100812916,No
3491410174,No
711911823180701696,No
202408813,No
85671767,No
2455443731,No
741736258087555072,No
2810379978,No
200161095,No
717874126745165824,No
56059079,No
3258909594,No
577875585,No
38803772,Yes
54661186,No
487585873,No
85128221,No
75926289,No
271780092,No
49577715,No
2214993290,No
3016905330,No
2877029784,No
15425623,No
182870719,No
1442384731,No
768856,No
14395933,No
1719443911,No
3410461455,No
1191357403,No
424817850,No
84303818,No
2333986655,No
1406113056,No
148965893,No
19059957,No
196309405,No
158477287,No
62882873,No
714357594429624320,No
150359654,No
19935499,No
1671883141,No
411518320,No
14874668,No
3190925202,No
2987267241,No
872709084,No
186780458,No
2586634320,No
2522487799,No
756911903780249600,No
111327910,No
121843006,No
273571191,No
582981837,No
14628431,No
2419698139,No
20440954,No
462129514,No
709958425908809728,No
15115595,No
16554812,No
2424105440,No
108515417,No
351687001,No
40435842,No
765878594,No
14919697,No
194235018,No
775760642334679041,No
26098474,No
636403583,No
220351462,No
29835008,No
116743167,No
55599346,No
729613069,No
369455905,No
30992650,Yes
73518272,No
29944970,No
67008051,No
821754,No
3428866408,No
294783981,No
33999732,No
19667982,No
21553468,No
2325986832,No
985488008,No
234734455,No
337037506,No
224131376,No
23546932,No
150627558,No
4104563953,No
1968680929,No
21716485,No
163000247,No
82282101,No
41440120,No
50031538,No
19493996,No
109078643,No
2457511662,No
1089744487,No
50840885,No
192716218,No
44544430,No
126198197,No
215234691,No
4706170160,No
3295873235,No
23637312,No
362107927,No
189757474,No
86338748,No
363083937,No
802170450,No
20433550,No
3066866387,No
617939434,No
20149406,No
2325520489,No
59679253,No
2221463849,No
2936795944,No
851509518,No
366433397,No
475286920,No
1335117152,No
357675381,No
2745563227,No
232254662,No
789101445622616064,No
27840856,No
1894314398,No
106546836,No
467330944,No
231242626,No
52867382,No
2372829579,No
64847604,No
66205268,No
388201143,No
320989396,No
703177316222894080,No
2789078416,No
111618370,No
3146735425,No
437137140,No
734562935117361152,No
123786840,No
518082535,No
754614798600503296,No
2203777177,No
731106299304398848,No
223831554,No
50806371,No
46921021,No
2358968898,No
804709879,No
20175594,No
4867201349,No
130562268,No
456626222,No
360958018,No
27226843,No
1628707292,No
3313953347,No
313007804,No
354568770,No
198280861,No
239930106,No
324356017,No
1690554211,No
3234505548,No
2353497608,No
718148253154455553,No
1125508832,No
2538269001,No
310982277,No
398764645,No
18862091,No
3529450754,No
545766641,No
701959850524172289,No
80467416,No
359166210,No
459525738,No
180951047,No
108623154,No
43745768,No
104474276,No
4892425227,Yes
9936112,No
709304977,No
1236535040,No
18220706,No
51705596,No
558055764,No
17660203,No
177602645,No
27515564,No
938956316,No
3550255215,No
23831269,No
262505398,No
311141365,No
15142607,No
95632269,No
315847121,No
2177400811,No
735949802555494401,No
464894610,No
35651309,No
784841798757867521,No
94713291,No
353946637,No
23463042,No
18435372,Yes
530991166,No
448198240,No
147466515,No
29556607,No
2163554173,No
19561280,No
629386380,No
24274762,No
2739083399,No
17893066,No
77238643,No
14485559,No
48229732,No
372078518,No
5514852,No
91489196,No
44602971,No
15381530,No
785335641567399936,No
247129746,No
285198348,No
1142708088,No
23987086,No
54692356,No
3152925899,No
219972908,No
15719115,No
39236354,No
2920314764,No
56783725,No
400974596,No
263702645,No
463873324,No
136436560,No
42674100,No
2359888806,No
145874524,No
774275636101873668,Yes
1306172023,No
426789868,No
2448319279,No
55693415,No
2233256971,No
79697957,No
62814508,No
3312418358,No
102404229,No
42514015,No
10676462,No
72573,No
353661043,No
35052433,No
286235883,No
1341265634,Yes
1432735982,No
1267884572,No
2763269797,No
318392592,No
24695389,No
174116522,No
332932185,No
800007889582694401,No
1406012990,No
125271226,No
2685945696,No
800013150800052225,No
281331624,No
22209374,No
2561996790,No
68553165,No
18990229,No
87778658,No
937386000,No
346821008,No
700913978613112832,No
25178941,No
214049826,Yes
2288667011,No
800029778539663366,No
16446755,No
6125442,No
30498075,No
54303638,No
45573099,No
384493607,No
15458897,No
1025536741,No
299829539,No
34669158,No
707773370,No
423288644,No
103916371,No
63904387,No
3053425841,No
198172229,No
189676384,No
443128256,No
720631451595730944,No
179182763,No
1685411,No
29273957,No
1535171107,No
92751394,No
331026898,No
3292659112,No
3249969534,No
740933246,No
338778213,No
188909741,No
2842757176,Yes
791621557,No
343400040,No
255806428,Yes
17836135,No
50875045,No
14385307,No
308668205,No
61238575,Yes
1737098306,No
788180958327496708,No
2455549007,No
2150967346,No
548994187,No
2908713154,No
234411699,No
36302301,No
43623328,No
531647275,No
762703321,No
18347016,No
2335238040,No
197987603,No
36087548,No
259958445,No
237326469,No
772509729620946944,No
1337220458,No
18339499,No
277514568,No
14788643,No
15435643,No
133331869,No
713410649578049536,No
392979982,No
20146280,No
35351010,No
44331382,No
2896806238,No
17405012,No
19902151,No
800070297743282176,No
7795092,No
1118925529,No
470481043,No
541924628,No
176880919,No
17718528,No
798974954167554048,No
39766228,No
2940118313,No
1252182044,No
23612270,No
778722474,No
1122913464,No
156060699,No
3178584881,No
2344654473,No
3065043675,No
2969821001,No
3296969429,No
295914126,No
729118616,No
2871931827,No
19711802,No
741766918047203328,No
3050694503,No
440374871,No
764956609,No
813912673,No
58878430,No
1418181036,No
600461531,No
3897672857,No
28834961,No
737119203056967680,No
426690113,No
379326796,No
1600602589,No
399537469,No
61751514,No
56141349,No
26229798,No
741559425866010624,No
2966696381,No
22146994,No
30695736,No
2488667779,No
1563419432,No
605164440,No
15428835,No
26503214,No
1307695656,No
163289933,No
260369563,No
256444816,No
288471472,No
274009512,No
118934371,No
56937718,No
2198497396,No
22371039,No
1074350893,No
20385487,No
786296705264287744,No
23029619,No
2804124909,No
413029705,No
15706176,No
2859701,No
3295839460,No
1648042608,No
388488683,No
23153717,No
1484214871,No
3177063691,No
372419089,No
99585597,No
1250127331,No
233312787,No
21994406,No
53428538,No
252253953,No
89854308,No
112260814,No
3229780178,No
303571901,No
2574384075,No
14482449,No
358553200,No
721517433538916352,No
39453137,No
11706452,No
165612240,No
1431216638,No
2369633411,No
430809048,No
3081295815,No
283334613,No
552885703,No
549814903,No
472489822,No
28470566,No
15506142,No
1361280048,No
213917715,No
1018357106,No
40579242,No
46719444,No
575936418,No
31336494,No
2554609460,No
2546490091,No
184279729,No
33252526,No
3051678036,No
525954482,No
547837199,No
4119844480,No
345772038,No
338064537,No
142965641,No
305962586,No
102051985,No
998124780,No
3284705058,No
172256673,No
10766,No
719489537261625344,No
138508778,No
18419676,No
176780438,No
272773145,No
15541644,No
31192429,No
705096776,No
2354415577,No
3433143912,No
170900763,No
392214845,No
174731651,No
1180696620,No
615740736,No
16453403,No
210462093,No
755249551083122688,No
305586681,No
357587671,No
123395375,No
3892397657,No
59049313,No
2950644171,No
3011852838,No
48062543,No
266253359,No
901548582,No
20895205,No
727015442729017344,No
236232616,No
83611804,No
60761780,No
401161236,No
3266548591,No
3267792744,No
46663356,No
560133053,No
343594988,No
2184528630,No
4126939212,No
3314749976,No
16606729,No
3181077277,No
15509365,No
798486528,No
25429629,No
114130230,No
1573702586,No
194671239,No
107000096,No
15855472,No
85103117,No
2834315883,No
121735661,No
136149094,No
1008060450,Yes
65671766,No
14734628,No
325539957,No
35409565,No
102693073,No
2361238934,No
3072746393,No
84244507,No
41087636,No
220146294,No
89387618,No
2849750228,No
800254010045235200,No
1062363906,No
283536994,No
21205770,No
1567605745,No
191715267,No
2512416025,No
1650635150,No
1086521000,No
1412117684,No
735773211451760642,No
294643011,No
991586528,No
499189122,No
926503100,No
991453406,No
21255461,No
97207982,No
77475480,No
513440750,No
99487477,No
103806631,No
62593407,No
78846651,No
2329223456,No
66303237,No
339832957,No
329311529,No
186396137,No
46182315,No
2960615859,No
3742966155,No
41338557,No
1919676506,No
2230205780,No
2513763727,No
558637678,No
1219487846,No
4382170643,No
54149487,No
280615672,No
26915435,No
2190895568,No
2993436715,No
24877304,No
2207960883,No
576407624,No
16950004,No
174330911,No
198569143,No
14742294,No
14236062,No
193235019,No
37427112,No
59858166,No
3227268308,No
1057665338,No
2850354907,No
503768825,No
1099337910,No
1384473733,No
27213120,No
336926278,No
1341621092,No
584718381,No
439456118,No
159263436,No
19016723,No
284157036,Yes
15787103,No
749279630,No
549472967,No
367730005,No
4655632529,No
88292193,No
40679962,No
25106749,No
714410708654493696,No
351511746,No
1517391378,No
3409148482,No
235256727,No
105833961,No
23453831,No
100736255,No
17833288,No
82408713,No
3365770655,No
40587458,No
32947886,No
2217949208,No
20250863,No
2877527307,No
2400350624,No
175343365,No
3492828133,No
288858454,No
44925306,No
14529167,No
372417112,No
180014124,No
2569727633,No
277171700,No
50294443,No
777549258,No
4264297743,No
3834264970,No
1895193422,No
15485578,No
28020360,Yes
43047860,No
17214068,No
17222771,No
259878118,No
1904855725,No
46165529,No
29575514,No
58427247,No
3379619679,No
20843034,No
2519967950,No
94343337,No
387400640,No
1231623577,No
175408947,No
2326570559,No
313555125,No
38240110,No
3240996641,No
772002303050035200,No
22755173,No
315874821,No
58544041,No
2462408257,No
946467277,No
69642979,No
1635662430,No
3310450169,No
191023805,No
16267103,No
2251217125,No
289820134,No
15778256,No
33867511,No
710965726056583169,No
31734795,No
75810365,No
287507644,No
375869690,No
26580403,No
1350309146,No
26868028,No
3265817404,No
7959232,No
759078231282638848,No
15855611,No
86524944,No
69329991,No
1553335416,No
319263865,No
39941523,No
377038855,No
4062613199,No
898243878,No
269668728,No
33823980,No
15151130,No
146474152,No
2698048315,No
17001077,No
758270503983386624,No
843646129,No
97826794,Yes
294662446,No
537228017,No
4034191077,No
397583631,No
224221367,No
476779298,No
128567981,No
795994325666643972,No
1399656060,No
317235089,No
8893542,No
408023435,No
31692855,No
53991200,No
111682405,No
3356605072,No
212376850,No
3236383873,No
914799030,No
41782418,No
131310401,Yes
264641850,No
189583055,No
121293034,No
259594608,No
3246859205,No
2963141866,No
11305532,No
115394346,No
47828355,Yes
1130438024,No
269474726,No
2784202105,No
4024809735,No
247494076,No
434476472,No
794384544426115072,No
344299153,No
797604666951528448,No
41520101,No
181956696,No
226868965,No
153161497,No
108289005,No
343116032,No
193571474,No
2834723770,No
35890164,No
282585489,No
273174529,No
87540344,No
4818190945,No
383913730,No
237992556,No
2380004989,No
473979454,No
94971943,No
94410491,No
1716777709,No
38315571,No
89980430,No
3119433189,No
131499245,No
354611961,No
592952908,No
23422003,No
266200679,No
1201417339,No
461108425,No
2811506728,No
4184366817,No
327014020,No
543471698,No
29848419,No
78055287,No
561409918,No
1341576906,No
57288504,No
761804272958713856,No
26437630,No
497265652,No
298927029,No
786325716275195908,No
8244532,No
302134862,No
51304946,No
250322589,No
711572356699783169,No
3383049221,No
496295882,No
701434220615438337,No
863823704,No
19561081,No
132710839,No
387870914,No
198896010,No
140738682,Yes
123025723,No
577565852,No
15813022,No
109925929,No
337668968,No
2595468091,No
459386427,No
946375664,No
61149346,Yes
1279137632,No
350880926,No
116193719,No
1081254876,No
142367546,No
37408744,No
132005269,No
347469461,No
61704955,No
280209413,No
759703987,No
1679087676,No
356247727,No
3676929742,No
2471428339,No
262822356,No
37951028,No
386807990,No
24939660,No
114421715,No
69927346,No
48958647,No
2843246140,No
561325465,No
2605164456,No
147460928,No
140830425,No
753154724,No
17810847,No
381542391,No
1020993602,No
1552602110,No
1076442812,No
21958732,No
711115431206068224,No
2614781971,No
30765106,No
24233106,No
14390535,No
349933614,No
20626654,No
2548386882,No
216172618,No
4676322578,No
2392150831,No
2512256175,No
15800559,No
256778398,No
1942005980,No
737539309,No
24179330,No
17290429,No
9517462,No
434485895,No
23635205,No
1362528962,No
913358126,No
26301862,No
7953342,No
14165197,No
57003130,No
48143227,No
540932531,No
191183707,No
20069339,No
1518478992,No
18717602,No
219820054,No
2309826526,No
20191009,No
39537029,No
481447542,No
1066864868,No
922302955,Yes
357888999,No
81670256,No
20903962,No
19227346,No
273959262,No
50371199,No
221747817,No
118136394,No
21968919,No
4279312353,No
30447345,No
106544864,No
252739080,No
784352583490105344,No
2998739713,No
1253014562,No
398455903,No
596074463,No
290270216,No
10277422,No
77802227,No
596781268,No
20073579,No
71001068,No
199366565,No
302803550,No
228995373,No
798972200439128064,No
414352797,No
39879878,No
400384411,No
69474850,Yes
531458507,No
2833719035,No
2737214268,No
2355673955,No
34433974,No
265630855,No
5522162,No
249328403,No
156623701,No
195367887,No
45396140,No
269479048,No
2784724098,No
589334855,No
402865442,No
369539092,No
420319071,No
736300030664028160,No
43210034,No
20628114,No
28552211,No
18560045,No
2803445864,No
91869181,No
2313841107,No
1598735474,No
76753769,No
110305499,No
100523546,No
382387180,No
403009918,No
21146356,No
130224308,No
70103189,No
3319518766,No
311571280,No
452934396,No
40231154,No
86033862,No
303200950,No
329318603,Yes
14630611,No
346830435,No
882749053,No
534674922,No
930517196,No
57795702,No
287133343,No
26750358,No
300472334,No
204496582,No
2308783627,No
11499522,No
19211774,No
90812323,No
150899457,No
14558447,No
72914992,No
44722841,No
30757978,No
218139202,No
4841541257,No
3865114815,No
493598270,No
336713711,No
2832857027,No
803780191,No
4040003793,No
73315972,No
194456264,No
19554418,No
2846379856,No
491333442,No
471602996,No
762658755670577153,No
2561785215,No
60359323,No
93569492,No
137862377,No
2612742854,No
92598789,No
838450579,No
286908988,No
61818847,No
1912262491,No
3298142167,No
71146024,No
41913687,No
15804019,No
57179065,No
40614975,No
56209539,No
2280852354,No
17614296,No
4453132222,No
17472111,No
56453126,No
200917395,No
416563129,No
976104690,No
2969536731,No
25366235,No
3092498920,No
227772504,No
2518442961,No
121136472,No
20735430,No
456904837,No
124378584,No
75172312,No
14761966,No
594725182,No
1709424714,No
636831884,No
294079690,No
376996665,No
112242731,No
15645220,No
293530588,No
274626047,No
298701234,No
515859292,No
2492062310,No
184531361,No
801408219612676096,No
767808602,No
17451918,No
22311439,No
148232923,No
4911969983,No
56868544,No
2993107891,No
50738554,No
66747704,No
779706514160267264,No
517127347,No
801653160,No
318855988,No
737966534656675840,No
21096258,No
625628428,No
572895542,No
27840175,No
145108983,No
31254311,No
20112896,No
773042000060874752,No
2366161788,No
3309404462,No
1460207450,No
214502537,No
17996188,No
22125090,No
384856258,No
2430635995,No
48802475,No
1275164778,No
21064452,Yes
464864514,No
52348435,No
232497806,No
24355783,No
952983349,No
33923441,No
267134567,No
143612332,No
438009515,No
318002294,No
1350682064,No
168142515,No
27319967,No
801436617475035136,No
387355633,No
223806253,No
295778258,No
706484538910715908,No
362667394,No
1171510662,No
876278060,No
768095886270312448,No
38410095,No
727072419563851777,No
130286785,No
3011672346,No
801442494793682944,No
30239798,No
26320902,No
274525496,No
240164412,No
15649238,No
540976841,No
72916147,No
192924183,No
181122515,No
608663,No
394758913,No
2744358077,No
33983638,No
13889932,No
555190281,No
15168641,No
323147180,No
282566279,No
22613689,No
284317659,No
26468704,No
789125708039749632,No
138978328,No
394875828,No
20947704,No
306561536,No
746244253995642880,No
200247517,No
27668767,No
21403218,No
76794335,No
59253562,No
2900955341,No
24775585,No
60366538,No
627991062,No
1722359618,No
2231321,No
3046020204,No
220789658,No
43246261,No
3760127177,No
22384158,No
56732353,No
88516314,No
549018771,No
26972672,No
479521185,No
26507776,No
66387028,No
151616339,No
394562795,No
58836858,No
23922408,No
3034784285,No
17423469,No
213370726,No
541437705,No
3393955781,No
259786473,No
2396008338,No
16563829,No
911933083,No
2256395042,No
3140414904,No
55526305,No
71186880,No
305758331,No
2875412410,No
1228287571,No
118976585,No
397526766,No
789291508939784196,No
590197001,No
27530984,No
983468796,No
1638891619,No
21312221,No
2348189241,No
25909668,No
796801011994296320,No
2378061333,No
395109057,No
1464784302,No
130517879,No
793286409071144960,No
75201888,No
2196545082,No
462861368,No
1460017836,No
2450686806,No
624261402,No
473225956,No
3104877003,No
789133766,No
552184008,No
44197320,No
118391492,No
17039457,No
768163776898142208,No
18892333,No
250290906,No
20728256,No
604373512,No
2895257897,No
277981152,No
95201845,No
209210272,No
748922032826580993,No
119164502,No
19466398,No
255212968,No
392591095,No
305115472,No
24450222,No
69997985,No
633802063,No
781631378416807936,No
51146497,No
180449239,No
205359286,No
2169616619,No
236217329,No
27874867,No
2448695598,No
786719672,No
3297107447,No
263877050,No
485239651,No
2663288658,No
172809356,No
371499371,No
43785941,No
381862475,No
1535853464,No
13338102,No
115533837,No
472302309,No
348844543,No
3353258373,No
107424408,No
18628395,No
129160124,No
12354332,No
180035049,No
456989537,No
36906757,No
1426285704,Yes
2171500111,No
151492311,No
166723839,No
404765674,No
72333951,No
122131791,No
19427976,No
14642815,No
195901676,No
1202418104,No
263268515,No
20360248,No
503364751,No
2965897030,No
922791229,No
232351715,No
46098408,No
389992849,No
865852027,No
1408158571,No
16185203,No
2505523524,No
2499251182,No
2825890017,No
54624374,No
20066854,No
86746815,Yes
15977008,No
402301033,No
177671387,No
51121673,No
1869335738,No
261643909,No
162240752,No
30303221,No
103480345,No
269038631,No
118136258,No
37642702,No
25190571,No
344023011,No
2867774871,No
154961337,No
152753004,No
41098730,No
180018195,No
308024982,No
269818273,No
83923307,No
348007485,No
256957064,No
1713084830,No
59888177,No
54165456,No
746589308333789185,No
2176836186,No
719234059826647040,No
57148953,No
25494375,No
799701757852930048,No
44369828,No
15597321,No
2614073504,No
17097333,No
164050933,No
308739087,No
2203277137,No
4388365033,No
2628794032,No
21291789,No
1184676811,No
55194764,No
815520854,No
48999832,No
149248906,No
68909542,No
243694590,No
53913680,No
4053768057,No
2896685807,No
834083874,No
179958861,No
211972025,No
259653951,No
167464956,No
3430619985,No
5876692,No
19971779,No
1420997119,No
272905334,No
2675385103,No
3628134922,No
2405816709,No
1924142779,No
22434667,No
937815072,No
151609819,No
160932553,No
166379619,No
430736630,No
479041151,No
19548229,No
117139769,No
1505880222,No
63865488,No
192927713,No
798630247868592128,No
14927276,No
1476239612,No
54005591,No
70018697,No
860387348,No
763115817462530048,No
109942819,No
339010888,No
26517382,No
131171272,No
431881426,No
3692739732,No
1149629384,No
20481696,No
81397139,No
100564102,No
3419946779,No
91364966,No
359364900,No
1400566585,No
2799493600,No
14751199,No
15553634,No
384695895,No
3437248218,No
2985785456,No
68113538,No
39879551,No
19722043,No
728401627,No
61332132,No
2575842129,No
24290236,No
275685385,No
292512245,No
292045747,No
520776085,No
4689520165,No
2794739447,No
87007083,No
21883908,No
214050964,No
385332429,No
326419526,No
20170791,No
3029158180,No
135618194,No
20436976,No
565475223,No
19800892,No
535206377,No
3027179751,No
2746580507,No
69388587,No
66504207,No
415057218,No
124853095,No
39866523,No
2884331459,No
3011736662,No
4099919249,No
1675654579,No
757605,No
26071574,No
3083801656,No
2557264910,No
82205347,No
493728966,No
53998563,No
382555405,No
58758689,No
2376052310,No
35058231,No
628687287,No
367548797,No
16850092,No
16660484,No
1978731926,No
5667022,No
241815281,No
145830764,No
385203042,No
545174209,No
1849660280,No
60428991,No
83242054,No
365682763,No
798999418103939072,No
245913277,No
248367304,No
114314460,No
123932503,No
3226911791,No
312942948,No
70992561,No
751948049925214208,No
18441486,No
166821407,No
9600062,No
243288465,No
155003641,No
15397836,No
93365182,No
254079073,No
874681382,No
14752991,No
41813471,No
262348622,No
37457768,No
141671276,No
157427871,No
266828930,No
42763619,No
1723815079,No
188550573,No
790765936278052865,No
18692122,No
705298790,No
782849072524775424,No
27148620,No
359869433,Yes
36116604,No
1110121513,No
251866080,No
415511628,No
748135591582261248,No
38257249,No
75393640,No
102629229,No
20945399,No
456262193,No
208449488,No
602022438,No
251848896,No
326928579,No
23463284,No
96946861,No
190832428,No
2895429625,No
14500782,No
539190601,No
592742670,No
515780607,No
53949601,No
61067371,No
2610038828,No
241671334,No
1666520694,Yes
32591879,No
2158778141,No
118604678,No
2354630936,No
2786115835,No
2216569016,No
837872162,No
57968421,No
69573818,No
791477384,No
362726350,No
603283521,No
102148856,No
409350670,No
1670962626,No
281033582,No
243576204,No
1088444370,No
103119956,No
491556203,No
710657908606951424,No
24682331,No
428200563,No
263324889,No
2372082613,No
2169251984,No
621238825,No
220762947,No
48487340,No
101568093,Yes
36413295,No
179021299,No
45234672,No
223659436,No
159850097,No
114051545,No
53642460,No
19467470,No
1376943360,No
82644975,No
62618082,No
891927086,No
134894526,No
796372773593579525,No
855141854,No
97655036,No
1056009025,No
192999357,No
284108610,No
342952183,No
23004663,No
2977932921,No
74996434,No
140502350,No
52067867,No
1157715618,No
29160776,No
619575922,No
88655939,No
200962988,No
66642678,No
